"plot","row","col","rowgroup","colgroup","lin_check","leaf_dec_27","spread_dec_27","insect_score_dec_27","disease_score_dec_27","leaf_dec_27.1","spread_dec_27.1","insect_score_dec_27.1","disease_score_dec_27.1","leaf_dec_27.2","spread_dec_27.2","insect_score_dec_27.2","disease_score_dec_27.2","leaf_dec_27.3","spread_dec_27.3","insect_score_dec_27.3","disease_score_dec_27.3","leaf_dec_27.4","spread_dec_27.4","insect_score_dec_27.4","disease_score_dec_27.4","leaf_dec_27.5","spread_dec_27.5","insect_score_dec_27.5","disease_score_dec_27.5","remarks_dec_27"
12,12,1,1,4,"L106",5,8,10,0,5,8,30,0,5,6,0,0,5,6.5,0,0,5,5,5,0,5,6,0,0,"aphids, bhusuna"
24,12,2,1,4,"3",NA,NA,NA,NA,NA,NA,NA,NA,NA,NA,NA,NA,NA,NA,NA,NA,NA,NA,NA,NA,NA,NA,NA,NA,"spots @ lower  side"
36,12,3,1,4,"1",NA,NA,NA,NA,NA,NA,NA,NA,NA,NA,NA,NA,NA,NA,NA,NA,NA,NA,NA,NA,NA,NA,NA,NA,"spots @ 1st row, few spots on lower part, erect leaves"
48,12,4,1,4,"L79",4,6,0,0,4,5,10,0,4,7,0,0,4,7,0,0,4,5,15,0,4,5,5,0,"ND, insects+, aphids, yellow"
60,12,5,2,4,"L92",5,4,5,0,5,7,0,0,5,7,0,0,4,4,10,0,5,6,5,0,5,5,5,0,"aphids"
72,12,6,2,4,"1",5,4,10,0,5,5,10,0,5,4,10,0,NA,NA,NA,NA,NA,NA,NA,NA,NA,NA,NA,NA,""
84,12,7,2,4,"1",5,4,5,0,5,5,5,0,5,4,5,0,NA,NA,NA,NA,NA,NA,NA,NA,NA,NA,NA,NA,"aphids+"
96,12,8,2,4,"2",5,4,10,0,5,4,10,0,5,4,10,0,4,3,10,0,NA,NA,NA,NA,NA,NA,NA,NA,"erect leaves"
108,12,9,3,4,"3",5,5,5,0,5,5,5,0,5,5,5,0,5,5,5,0,NA,NA,NA,NA,NA,NA,NA,NA,""
120,12,10,3,4,"L12",5,6,5,0,5,6,0,0,4,7,25,0,5,6,20,0,5,6,0,0,5,7,0,0,"yellow"
132,12,11,3,4,"4",5,6,5,0,5,6,5,0,5,6,5,0,NA,NA,NA,NA,NA,NA,NA,NA,NA,NA,NA,NA,""
144,12,12,3,4,"L98",5,6,5,0,5,5,10,0,5,6,0,0,5,6,0,0,5,6,15,0,NA,NA,NA,NA,"yellow"
156,12,13,4,4,"L17",5,4,15,0,5,5,0,0,5,6,0,0,5,4,10,0,5,4,20,0,5,6,10,0,""
168,12,14,4,4,"3",5,7,30,0,5,6,0,0,5,4,0,0,5,4,0,0,5,4,10,0,5,7,5,0,"P+(133023)"
180,12,15,4,4,"L37",4,5,0,0,5,6,0,0,5,8,20,0,5,4,10,0,5,4,0,0,4,3,0,0,""
192,12,16,4,4,"4",5,6,5,0,5,5,5,0,5,4,10,0,5,7,0,0,5,4,10,0,5,6,0,0,""
204,12,17,5,4,"2",5,6,5,0,5,5,0,0,5,4,10,0,5,6,0,0,5,6,0,0,5,6,0,0,""
216,12,18,5,4,"4",4,3,0,0,4,3,0,0,5,4,0,0,5,4,0,0,5,5,0,0,5,5,0,0,""
228,12,19,5,4,"L95",5,NA,5,0,5,NA,0,0,5,NA,5,0,5,NA,5,0,5,NA,5,0,NA,NA,NA,NA,"spots"
240,12,20,5,4,"L88",4,NA,0,0,4,NA,0,0,4,NA,5,0,4,NA,15,0,4,NA,0,1,NA,NA,NA,NA,""
239,11,20,5,4,"1",NA,NA,NA,NA,NA,NA,NA,NA,NA,NA,NA,NA,NA,NA,NA,NA,NA,NA,NA,NA,NA,NA,NA,NA,""
227,11,19,5,4,"4",NA,NA,NA,NA,NA,NA,NA,NA,NA,NA,NA,NA,NA,NA,NA,NA,NA,NA,NA,NA,NA,NA,NA,NA,""
215,11,18,5,4,"L49",5,NA,10,0,5,NA,10,2,5,NA,10,0,5,NA,0,0,5,NA,0,0,5,NA,0,2,"spots"
203,11,17,5,4,"L38",5,NA,10,0,5,NA,5,0,5,NA,0,0,5,NA,5,0,5,NA,0,0,5,NA,10,0,"yellowing"
191,11,16,4,4,"3",NA,NA,NA,NA,NA,NA,NA,NA,NA,NA,NA,NA,NA,NA,NA,NA,NA,NA,NA,NA,NA,NA,NA,NA,""
179,11,15,4,4,"2",NA,NA,NA,NA,NA,NA,NA,NA,NA,NA,NA,NA,NA,NA,NA,NA,NA,NA,NA,NA,NA,NA,NA,NA,""
167,11,14,4,4,"1",NA,NA,NA,NA,NA,NA,NA,NA,NA,NA,NA,NA,NA,NA,NA,NA,NA,NA,NA,NA,NA,NA,NA,NA,""
155,11,13,4,4,"L10",5,NA,5,0,5,NA,0,0,5,NA,0,0,5,NA,0,0,5,NA,5,0,5,NA,5,1,"spots"
143,11,12,3,4,"2",NA,NA,NA,NA,NA,NA,NA,NA,NA,NA,NA,NA,NA,NA,NA,NA,NA,NA,NA,NA,NA,NA,NA,NA,""
131,11,11,3,4,"L4",5,NA,0,1,5,NA,0,2,5,NA,5,1,5,NA,5,0,5,NA,10,0,5,NA,10,0,""
119,11,10,3,4,"2",NA,NA,NA,NA,NA,NA,NA,NA,NA,NA,NA,NA,NA,NA,NA,NA,NA,NA,NA,NA,NA,NA,NA,NA,""
107,11,9,3,4,"L13",5,NA,10,0,5,NA,10,0,5,NA,5,0,5,NA,5,0,5,NA,20,0,4,NA,5,0,""
95,11,8,2,4,"3",NA,NA,NA,NA,NA,NA,NA,NA,NA,NA,NA,NA,NA,NA,NA,NA,NA,NA,NA,NA,NA,NA,NA,NA,""
83,11,7,2,4,"L43",5,NA,5,0,5,NA,0,0,4,NA,0,0,5,NA,0,0,5,NA,5,0,5,NA,0,0,""
71,11,6,2,4,"L58",5,NA,0,0,5,NA,5,2,5,NA,5,0,5,NA,5,1,5,NA,10,0,5,NA,5,0,"yellow blotch"
59,11,5,2,4,NA,NA,NA,NA,NA,NA,NA,NA,NA,NA,NA,NA,NA,NA,NA,NA,NA,NA,NA,NA,NA,NA,NA,NA,NA,""
47,11,4,1,4,"L24",5,NA,0,2,5,NA,0,0,5,NA,5,0,5,NA,5,0,5,NA,5,0,5,NA,5,0,""
35,11,3,1,4,"L33",5,NA,10,0,5,NA,0,0,5,NA,0,1,5,NA,5,0,5,NA,5,0,5,NA,5,0,"spots+"
23,11,2,1,4,"4",NA,NA,NA,NA,NA,NA,NA,NA,NA,NA,NA,NA,NA,NA,NA,NA,NA,NA,NA,NA,NA,NA,NA,NA,""
11,11,1,1,4,"1",NA,NA,NA,NA,NA,NA,NA,NA,NA,NA,NA,NA,NA,NA,NA,NA,NA,NA,NA,NA,NA,NA,NA,NA,""
10,10,1,1,4,"3",NA,NA,NA,NA,NA,NA,NA,NA,NA,NA,NA,NA,NA,NA,NA,NA,NA,NA,NA,NA,NA,NA,NA,NA,""
22,10,2,1,4,"L89",NA,NA,5,0,NA,NA,0,0,NA,NA,0,0,NA,NA,0,0,NA,NA,0,0,NA,NA,0,1,""
34,10,3,1,4,"2",NA,NA,NA,NA,NA,NA,NA,NA,NA,NA,NA,NA,NA,NA,NA,NA,NA,NA,NA,NA,NA,NA,NA,NA,""
46,10,4,1,4,"2",NA,NA,NA,NA,NA,NA,NA,NA,NA,NA,NA,NA,NA,NA,NA,NA,NA,NA,NA,NA,NA,NA,NA,NA,""
58,10,5,2,4,"L57",NA,NA,10,0,NA,NA,0,0,NA,NA,5,0,NA,NA,0,0,NA,NA,0,0,NA,NA,10,2,"spots"
70,10,6,2,4,"4",NA,NA,NA,NA,NA,NA,NA,NA,NA,NA,NA,NA,NA,NA,NA,NA,NA,NA,NA,NA,NA,NA,NA,NA,""
82,10,7,2,4,"4",NA,NA,NA,NA,NA,NA,NA,NA,NA,NA,NA,NA,NA,NA,NA,NA,NA,NA,NA,NA,NA,NA,NA,NA,""
94,10,8,2,4,"L94",NA,NA,0,1,NA,NA,5,1,NA,NA,0,0,NA,NA,5,0,NA,NA,5,0,NA,NA,10,0,""
106,10,9,3,4,"3",NA,NA,NA,NA,NA,NA,NA,NA,NA,NA,NA,NA,NA,NA,NA,NA,NA,NA,NA,NA,NA,NA,NA,NA,""
118,10,10,3,4,"L46",NA,NA,0,0,NA,NA,5,0,NA,NA,0,0,NA,NA,0,0,NA,NA,0,0,NA,NA,0,0,"spots @ lower side"
130,10,11,3,4,"L53",NA,NA,5,0,NA,NA,0,0,NA,NA,0,0,NA,NA,5,1,NA,NA,5,1,NA,NA,0,0,"spots @ upper side"
142,10,12,3,4,"1",NA,NA,NA,NA,NA,NA,NA,NA,NA,NA,NA,NA,NA,NA,NA,NA,NA,NA,NA,NA,NA,NA,NA,NA,""
154,10,13,4,4,"4",NA,NA,NA,NA,NA,NA,NA,NA,NA,NA,NA,NA,NA,NA,NA,NA,NA,NA,NA,NA,NA,NA,NA,NA,""
166,10,14,4,4,"L82",NA,NA,0,0,NA,NA,5,0,NA,NA,0,1,NA,NA,0,0,NA,NA,5,0,NA,NA,0,0,""
178,10,15,4,4,"2",NA,NA,NA,NA,NA,NA,NA,NA,NA,NA,NA,NA,NA,NA,NA,NA,NA,NA,NA,NA,NA,NA,NA,NA,""
190,10,16,4,4,"L62",NA,NA,5,0,NA,NA,5,1,NA,NA,5,0,NA,NA,0,0,NA,NA,0,1,NA,NA,NA,NA,""
202,10,17,5,4,"1",NA,NA,NA,NA,NA,NA,NA,NA,NA,NA,NA,NA,NA,NA,NA,NA,NA,NA,NA,NA,NA,NA,NA,NA,""
214,10,18,5,4,"3",NA,NA,NA,NA,NA,NA,NA,NA,NA,NA,NA,NA,NA,NA,NA,NA,NA,NA,NA,NA,NA,NA,NA,NA,""
226,10,19,5,4,"3",NA,NA,NA,NA,NA,NA,NA,NA,NA,NA,NA,NA,NA,NA,NA,NA,NA,NA,NA,NA,NA,NA,NA,NA,""
238,10,20,5,4,"L40",NA,NA,0,0,NA,NA,0,0,NA,NA,0,0,NA,NA,0,2,NA,NA,5,0,NA,NA,5,1,""
237,9,20,5,3,"3",NA,NA,NA,NA,NA,NA,NA,NA,NA,NA,NA,NA,NA,NA,NA,NA,NA,NA,NA,NA,NA,NA,NA,NA,""
225,9,19,5,3,"2",NA,NA,NA,NA,NA,NA,NA,NA,NA,NA,NA,NA,NA,NA,NA,NA,NA,NA,NA,NA,NA,NA,NA,NA,""
213,9,18,5,3,"L76",NA,NA,0,0,NA,NA,20,0,NA,NA,10,1,NA,NA,0,0,NA,NA,0,0,NA,NA,0,0,"spot @ upper + lower, aphids"
201,9,17,5,3,"4",NA,NA,NA,NA,NA,NA,NA,NA,NA,NA,NA,NA,NA,NA,NA,NA,NA,NA,NA,NA,NA,NA,NA,NA,""
189,9,16,4,3,"2",NA,NA,NA,NA,NA,NA,NA,NA,NA,NA,NA,NA,NA,NA,NA,NA,NA,NA,NA,NA,NA,NA,NA,NA,""
177,9,15,4,3,"L28",NA,NA,20,0,NA,NA,0,0,NA,NA,0,0,NA,NA,0,0,NA,NA,5,0,NA,NA,NA,NA,"ND"
165,9,14,4,3,"L41",NA,NA,2,1,NA,NA,NA,NA,NA,NA,NA,NA,NA,NA,NA,NA,NA,NA,NA,NA,NA,NA,NA,NA,""
153,9,13,4,3,"4",NA,NA,NA,NA,NA,NA,NA,NA,NA,NA,NA,NA,NA,NA,NA,NA,NA,NA,NA,NA,NA,NA,NA,NA,""
141,9,12,3,3,"L83",NA,NA,0,0,NA,NA,0,0,NA,NA,20,0,NA,NA,0,0,NA,NA,0,0,NA,NA,0,0,"spots"
129,9,11,3,3,"1",NA,NA,NA,NA,NA,NA,NA,NA,NA,NA,NA,NA,NA,NA,NA,NA,NA,NA,NA,NA,NA,NA,NA,NA,""
117,9,10,3,3,"3",NA,NA,NA,NA,NA,NA,NA,NA,NA,NA,NA,NA,NA,NA,NA,NA,NA,NA,NA,NA,NA,NA,NA,NA,""
105,9,9,3,3,"L5",NA,NA,5,0,NA,NA,0,0,NA,NA,0,0,NA,NA,0,0,NA,NA,10,0,NA,NA,10,0,"spots + yellowing"
93,9,8,2,3,"1",NA,NA,NA,NA,NA,NA,NA,NA,NA,NA,NA,NA,NA,NA,NA,NA,NA,NA,NA,NA,NA,NA,NA,NA,""
81,9,7,2,3,"1",NA,NA,NA,NA,NA,NA,NA,NA,NA,NA,NA,NA,NA,NA,NA,NA,NA,NA,NA,NA,NA,NA,NA,NA,""
69,9,6,2,3,"L85",NA,NA,0,0,NA,NA,5,0,NA,NA,0,2,NA,NA,5,0,NA,NA,0,0,NA,NA,5,1,"spots"
57,9,5,2,3,"L32",NA,NA,5,0,NA,NA,0,0,NA,NA,0,0,NA,NA,0,0,NA,NA,0,0,NA,NA,0,0,"ND"
45,9,4,1,3,"L108",NA,NA,0,1,NA,NA,0,0,NA,NA,0,0,NA,NA,0,0,NA,NA,5,0,NA,NA,0,0,"spots"
33,9,3,1,3,"4",NA,NA,NA,NA,NA,NA,NA,NA,NA,NA,NA,NA,NA,NA,NA,NA,NA,NA,NA,NA,NA,NA,NA,NA,""
21,9,2,1,3,"L7",NA,NA,0,0,NA,NA,5,0,NA,NA,0,1,NA,NA,5,0,NA,NA,0,0,NA,NA,0,0,""
9,9,1,1,3,"2",NA,NA,NA,NA,NA,NA,NA,NA,NA,NA,NA,NA,NA,NA,NA,NA,NA,NA,NA,NA,NA,NA,NA,NA,""
8,8,1,1,3,"L99",NA,NA,0,0,NA,NA,0,1,NA,NA,0,0,NA,NA,0,0,NA,NA,0,0,NA,NA,0,0,"spots"
20,8,2,1,3,"1",NA,NA,NA,NA,NA,NA,NA,NA,NA,NA,NA,NA,NA,NA,NA,NA,NA,NA,NA,NA,NA,NA,NA,NA,""
32,8,3,1,3,"L101",NA,NA,0,1,NA,NA,0,0,NA,NA,0,0,NA,NA,0,0,NA,NA,0,0,NA,NA,5,0,""
44,8,4,1,3,"3",NA,NA,NA,NA,NA,NA,NA,NA,NA,NA,NA,NA,NA,NA,NA,NA,NA,NA,NA,NA,NA,NA,NA,NA,""
56,8,5,2,3,"2",NA,NA,NA,NA,NA,NA,NA,NA,NA,NA,NA,NA,NA,NA,NA,NA,NA,NA,NA,NA,NA,NA,NA,NA,""
68,8,6,2,3,"4",NA,NA,NA,NA,NA,NA,NA,NA,NA,NA,NA,NA,NA,NA,NA,NA,NA,NA,NA,NA,NA,NA,NA,NA,""
80,8,7,2,3,"L34",NA,NA,5,0,NA,NA,0,1,NA,NA,5,0,NA,NA,0,1,NA,NA,0,0,NA,NA,0,0,""
92,8,8,2,3,"L96",NA,NA,5,0,NA,NA,0,0,NA,NA,5,0,NA,NA,0,0,NA,NA,0,1,NA,NA,5,1,""
104,8,9,3,3,"L67",NA,NA,10,0,NA,NA,0,0,NA,NA,0,0,NA,NA,5,0,NA,NA,0,2,NA,NA,10,1,"spot+"
116,8,10,3,3,"L77",NA,NA,5,0,NA,NA,0,0,NA,NA,0,0,NA,NA,5,0,NA,NA,0,0,NA,NA,0,0,"spot-"
128,8,11,3,3,"3",NA,NA,NA,NA,NA,NA,NA,NA,NA,NA,NA,NA,NA,NA,NA,NA,NA,NA,NA,NA,NA,NA,NA,NA,""
140,8,12,3,3,"4",NA,NA,NA,NA,NA,NA,NA,NA,NA,NA,NA,NA,NA,NA,NA,NA,NA,NA,NA,NA,NA,NA,NA,NA,""
152,8,13,4,3,"2",NA,NA,NA,NA,NA,NA,NA,NA,NA,NA,NA,NA,NA,NA,NA,NA,NA,NA,NA,NA,NA,NA,NA,NA,""
164,8,14,4,3,"L9",NA,NA,5,0,NA,NA,5,0,NA,NA,0,1,NA,NA,0,0,NA,NA,0,0,NA,NA,5,2,"leaf hole"
176,8,15,4,3,"L66",NA,NA,0,0,NA,NA,0,0,NA,NA,5,0,NA,NA,0,0,NA,NA,0,0,NA,NA,0,0,"no spots"
188,8,16,4,3,"3",NA,NA,NA,NA,NA,NA,NA,NA,NA,NA,NA,NA,NA,NA,NA,NA,NA,NA,NA,NA,NA,NA,NA,NA,""
200,8,17,5,3,"1",NA,NA,NA,NA,NA,NA,NA,NA,NA,NA,NA,NA,NA,NA,NA,NA,NA,NA,NA,NA,NA,NA,NA,NA,""
212,8,18,5,3,"1",NA,NA,NA,NA,NA,NA,NA,NA,NA,NA,NA,NA,NA,NA,NA,NA,NA,NA,NA,NA,NA,NA,NA,NA,""
224,8,19,5,3,"L91",NA,NA,0,0,NA,NA,0,0,NA,NA,0,0,NA,NA,0,0,NA,NA,0,1,NA,NA,5,0,"yellowing, wilting"
236,8,20,5,3,"L44",NA,NA,5,NA,NA,NA,NA,NA,NA,NA,NA,NA,NA,NA,NA,NA,NA,NA,NA,NA,NA,NA,NA,NA,"spot, no tag"
235,7,20,5,3,"2",NA,NA,15,0,NA,NA,NA,NA,NA,NA,NA,NA,NA,NA,NA,NA,NA,NA,NA,NA,NA,NA,NA,NA,""
223,7,19,5,3,"4",NA,NA,15,0,NA,NA,NA,NA,NA,NA,NA,NA,NA,NA,NA,NA,NA,NA,NA,NA,NA,NA,NA,NA,""
211,7,18,5,3,"L29",NA,NA,0,0,NA,NA,0,0,NA,NA,0,1,NA,NA,5,2,NA,NA,10,0,NA,NA,NA,NA,""
199,7,17,5,3,"L21",NA,NA,5,0,NA,NA,10,0,NA,NA,15,0,NA,NA,5,0,NA,NA,0,0,NA,NA,NA,NA,"ND"
187,7,16,4,3,"2",NA,NA,10,NA,NA,NA,NA,NA,NA,NA,NA,NA,NA,NA,NA,NA,NA,NA,NA,NA,NA,NA,NA,NA,"ND"
175,7,15,4,3,"4",NA,NA,5,NA,NA,NA,NA,NA,NA,NA,NA,NA,NA,NA,NA,NA,NA,NA,NA,NA,NA,NA,NA,NA,"app"
163,7,14,4,3,"1",NA,NA,5,0,NA,NA,NA,NA,NA,NA,NA,NA,NA,NA,NA,NA,NA,NA,NA,NA,NA,NA,NA,NA,"sucking damage"
151,7,13,4,3,"L84",NA,NA,5,0,NA,NA,0,0,NA,NA,0,0,NA,NA,0,1,NA,NA,5,0,NA,NA,0,0,""
139,7,12,3,3,"1",NA,NA,5,NA,NA,NA,NA,NA,NA,NA,NA,NA,NA,NA,NA,NA,NA,NA,NA,NA,NA,NA,NA,NA,"app, biting damage"
127,7,11,3,3,"L87",NA,NA,0,0,NA,NA,0,0,NA,NA,5,0,NA,NA,0,0,NA,NA,0,0,NA,NA,NA,NA,""
115,7,10,3,3,"L18",NA,NA,5,0,NA,NA,0,0,NA,NA,5,0,NA,NA,5,0,NA,NA,0,0,NA,NA,0,2,"bug"
103,7,9,3,3,"2",NA,NA,2.5,NA,NA,NA,NA,NA,NA,NA,NA,NA,NA,NA,NA,NA,NA,NA,NA,NA,NA,NA,NA,NA,"ND"
91,7,8,2,3,"L15",NA,NA,10,0,NA,NA,5,1,NA,NA,5,0,NA,NA,0,0,NA,NA,0,1,NA,NA,0,0,""
79,7,7,2,3,"L72",NA,NA,5,0,NA,NA,0,0,NA,NA,5,0,NA,NA,0,0,NA,NA,5,0,NA,NA,5,0,"yellowing, app"
67,7,6,2,3,"3",NA,NA,0,NA,NA,NA,NA,NA,NA,NA,NA,NA,NA,NA,NA,NA,NA,NA,NA,NA,NA,NA,NA,NA,"yellow"
55,7,5,2,3,"3",NA,NA,5,NA,NA,NA,NA,NA,NA,NA,NA,NA,NA,NA,NA,NA,NA,NA,NA,NA,NA,NA,NA,NA,"ND"
43,7,4,1,3,"4",NA,NA,5,NA,NA,NA,NA,NA,NA,NA,NA,NA,NA,NA,NA,NA,NA,NA,NA,NA,NA,NA,NA,NA,"ND, wilt"
31,7,3,1,3,"2",NA,NA,7.5,NA,NA,NA,NA,NA,NA,NA,NA,NA,NA,NA,NA,NA,NA,NA,NA,NA,NA,NA,NA,NA,"app"
19,7,2,1,3,"L6",NA,NA,5,0,NA,NA,0,0,NA,NA,0,0,NA,NA,0,0,NA,NA,0,0,NA,NA,NA,NA,"app, lower side"
7,7,1,1,3,"1",NA,NA,5,NA,NA,NA,NA,NA,NA,NA,NA,NA,NA,NA,NA,NA,NA,NA,NA,NA,NA,NA,NA,NA,"ND"
6,6,1,1,2,"L45",NA,NA,0,0,NA,NA,0,0,NA,NA,0,0,NA,NA,0,0,NA,NA,0,0,NA,NA,NA,NA,"wilt, yellow"
18,6,2,1,2,"2",NA,NA,0,NA,NA,NA,NA,NA,NA,NA,NA,NA,NA,NA,NA,NA,NA,NA,NA,NA,NA,NA,NA,NA,"app"
30,6,3,1,2,"L8",NA,NA,0,5,NA,NA,0,2,NA,NA,5,5,NA,NA,0,4,NA,NA,0,5,NA,NA,0,5,"app, wilt++"
42,6,4,1,2,"1",NA,NA,0,NA,NA,NA,NA,NA,NA,NA,NA,NA,NA,NA,NA,NA,NA,NA,NA,NA,NA,NA,NA,NA,"app"
54,6,5,2,2,"L65",NA,NA,0,0,NA,NA,15,0,NA,NA,10,0,NA,NA,0,0,NA,NA,0,0,NA,NA,NA,NA,"app"
66,6,6,2,2,"2",NA,NA,5,NA,NA,NA,NA,NA,NA,NA,NA,NA,NA,NA,NA,NA,NA,NA,NA,NA,NA,NA,NA,NA,"ND"
78,6,7,2,2,"4",NA,NA,0,NA,NA,NA,NA,NA,NA,NA,NA,NA,NA,NA,NA,NA,NA,NA,NA,NA,NA,NA,NA,NA,"ND"
90,6,8,2,2,"3",NA,NA,0,NA,NA,NA,NA,NA,NA,NA,NA,NA,NA,NA,NA,NA,NA,NA,NA,NA,NA,NA,NA,NA,"app-"
102,6,9,3,2,"L103",NA,NA,0,0,NA,NA,0,0,NA,NA,0,0,NA,NA,0,0,NA,NA,0,0,NA,NA,5,0,"sparse, ND, slow growth"
114,6,10,3,2,"2",NA,NA,5,NA,NA,NA,NA,NA,NA,NA,NA,NA,NA,NA,NA,NA,NA,NA,NA,NA,NA,NA,NA,NA,"ND"
126,6,11,3,2,"L69",NA,NA,0,0,NA,NA,0,0,NA,NA,0,0,NA,NA,5,0,NA,NA,0,0,NA,NA,NA,NA,"wilt, ND"
138,6,12,3,2,"3",NA,NA,5,NA,NA,NA,NA,NA,NA,NA,NA,NA,NA,NA,NA,NA,NA,NA,NA,NA,NA,NA,NA,NA,"ND"
150,6,13,4,2,"3",NA,NA,5,0,NA,NA,NA,NA,NA,NA,NA,NA,NA,NA,NA,NA,NA,NA,NA,NA,NA,NA,NA,NA,""
162,6,14,4,2,"L48",NA,NA,5,0,NA,NA,0,0,NA,NA,10,0,NA,NA,0,0,NA,NA,NA,NA,NA,NA,NA,NA,"yellow, wilt"
174,6,15,4,2,"4",NA,NA,5,NA,NA,NA,NA,NA,NA,NA,NA,NA,NA,NA,NA,NA,NA,NA,NA,NA,NA,NA,NA,NA,"app-"
186,6,16,4,2,"4",NA,NA,5,NA,NA,NA,NA,NA,NA,NA,NA,NA,NA,NA,NA,NA,NA,NA,NA,NA,NA,NA,NA,NA,"ND"
198,6,17,5,2,"L70",NA,NA,5,0,NA,NA,0,0,NA,NA,0,0,NA,NA,5,0,NA,NA,NA,NA,NA,NA,NA,NA,""
210,6,18,5,2,"L19",NA,NA,0,0,NA,NA,0,0,NA,NA,0,0,NA,NA,0,0,NA,NA,NA,NA,NA,NA,NA,NA,"ND, high growth"
222,6,19,5,2,"1",NA,NA,10,NA,NA,NA,NA,NA,NA,NA,NA,NA,NA,NA,NA,NA,NA,NA,NA,NA,NA,NA,NA,NA,"ND"
234,6,20,5,2,"4",NA,NA,5,NA,NA,NA,NA,NA,NA,NA,NA,NA,NA,NA,NA,NA,NA,NA,NA,NA,NA,NA,NA,NA,"ND"
233,5,20,5,2,"L36",NA,NA,10,0,NA,NA,10,0,NA,NA,0,0,NA,NA,5,0,NA,NA,5,0,NA,NA,NA,NA,""
221,5,19,5,2,"L90",NA,NA,10,0,NA,NA,5,0,NA,NA,10,0,NA,NA,5,0,NA,NA,0,0,NA,NA,0,0,""
209,5,18,5,2,"4",NA,NA,0,NA,NA,NA,NA,NA,NA,NA,NA,NA,NA,NA,NA,NA,NA,NA,NA,NA,NA,NA,NA,NA,"ND"
197,5,17,5,2,"3",NA,NA,5,0,NA,NA,0,0,NA,NA,0,0,NA,NA,5,0,NA,NA,NA,NA,NA,NA,NA,NA,""
185,5,16,4,2,"L52",NA,NA,5,0,NA,NA,0,0,NA,NA,10,0,NA,NA,0,0,NA,NA,5,0,NA,NA,NA,NA,"app, yellow"
173,5,15,4,2,"L14",NA,NA,0,0,NA,NA,0,0,NA,NA,0,0,NA,NA,0,1,NA,NA,0,1,NA,NA,NA,NA,"wilt, yellow, aphid"
161,5,14,4,2,"2",NA,NA,0,0,NA,NA,0,0,NA,NA,5,0,NA,NA,5,0,NA,NA,NA,NA,NA,NA,NA,NA,"ND"
149,5,13,4,2,"2",NA,NA,5,0,NA,NA,0,0,NA,NA,0,0,NA,NA,0,0,NA,NA,0,0,NA,NA,NA,NA,"app"
137,5,12,3,2,"2",NA,NA,5,2,NA,NA,0,0,NA,NA,0,0,NA,NA,5,1,NA,NA,NA,NA,NA,NA,NA,NA,"app"
125,5,11,3,2,"L23",NA,NA,0,0,NA,NA,0,0,NA,NA,5,0,NA,NA,5,0,NA,NA,5,0,NA,NA,NA,NA,"yellow"
113,5,10,3,2,"3",NA,NA,0,0,NA,NA,0,0,NA,NA,0,1,NA,NA,0,0,NA,NA,0,0,NA,NA,NA,NA,"yellow"
101,5,9,3,2,"L105",NA,NA,5,0,NA,NA,0,0,NA,NA,0,0,NA,NA,0,0,NA,NA,0,0,NA,NA,5,0,"ND"
89,5,8,2,2,"4",NA,NA,5,NA,NA,NA,NA,NA,NA,NA,NA,NA,NA,NA,NA,NA,NA,NA,NA,NA,NA,NA,NA,NA,"app"
77,5,7,2,2,"3",NA,NA,0,0,NA,NA,0,0,NA,NA,0,0,NA,NA,NA,NA,NA,NA,NA,NA,NA,NA,NA,NA,""
65,5,6,2,2,"L42",NA,NA,0,1,NA,NA,0,0,NA,NA,0,1,NA,NA,0,0,NA,NA,0,0,NA,NA,NA,NA,""
53,5,5,2,2,"1",NA,NA,0,0,NA,NA,0,0,NA,NA,0,0,NA,NA,5,0,NA,NA,10,0,NA,NA,NA,NA,""
41,5,4,1,2,"L80",NA,NA,5,0,NA,NA,5,0,NA,NA,0,1,NA,NA,0,0,NA,NA,0,0,NA,NA,NA,NA,""
29,5,3,1,2,"1",NA,NA,0,0,NA,NA,0,0,NA,NA,0,3,NA,NA,NA,NA,NA,NA,NA,NA,NA,NA,NA,NA,""
17,5,2,1,2,"L63",NA,NA,0,0,NA,NA,0,0,NA,NA,0,0,NA,NA,0,0,NA,NA,0,0,NA,NA,NA,NA,"yellow"
5,5,1,1,2,"4",NA,NA,5,0,NA,NA,0,0,NA,NA,5,0,NA,NA,0,0,NA,NA,0,0,NA,NA,NA,NA,""
4,4,1,1,2,"3",NA,NA,NA,0,NA,NA,NA,NA,NA,NA,NA,NA,NA,NA,NA,NA,NA,NA,NA,NA,NA,NA,NA,NA,"ND"
16,4,2,1,2,"4",NA,NA,NA,1,NA,NA,NA,NA,NA,NA,NA,NA,NA,NA,NA,NA,NA,NA,NA,NA,NA,NA,NA,NA,"wilting"
28,4,3,1,2,"L93",NA,NA,NA,0,NA,NA,NA,0,NA,NA,NA,1,NA,NA,NA,0,NA,NA,NA,NA,NA,NA,NA,NA,"yellow"
40,4,4,1,2,"2",NA,NA,5.5,NA,NA,NA,NA,NA,NA,NA,NA,NA,NA,NA,NA,NA,NA,NA,NA,NA,NA,NA,NA,NA,"app"
52,4,5,2,2,"1",NA,NA,NA,0,NA,NA,NA,NA,NA,NA,NA,NA,NA,NA,NA,NA,NA,NA,NA,NA,NA,NA,NA,NA,""
64,4,6,2,2,"L71",NA,NA,0,0,NA,NA,5,0,NA,NA,5,0,NA,NA,0,0,NA,NA,5,0,NA,NA,NA,NA,"app"
76,4,7,2,2,"2",NA,NA,NA,NA,NA,NA,NA,NA,NA,NA,NA,NA,NA,NA,NA,NA,NA,NA,NA,NA,NA,NA,NA,NA,"app"
88,4,8,2,2,"L16",NA,NA,0,0,NA,NA,5,0,NA,NA,0,0,NA,NA,0,0,NA,NA,NA,NA,NA,NA,NA,NA,"ND"
100,4,9,3,2,"4",NA,NA,5,0,NA,NA,NA,NA,NA,NA,NA,NA,NA,NA,NA,NA,NA,NA,NA,NA,NA,NA,NA,NA,""
112,4,10,3,2,"L51",NA,NA,0,1,NA,NA,0,1,NA,NA,0,1,NA,NA,0,0,NA,NA,0,0,NA,NA,NA,NA,""
124,4,11,3,2,"1",NA,NA,5,0,NA,NA,NA,NA,NA,NA,NA,NA,NA,NA,NA,NA,NA,NA,NA,NA,NA,NA,NA,NA,"aphid+"
136,4,12,3,2,NA,NA,NA,NA,NA,NA,NA,NA,NA,NA,NA,NA,NA,NA,NA,NA,NA,NA,NA,NA,NA,NA,NA,NA,NA,""
148,4,13,4,2,"L102",NA,NA,0,0,NA,NA,0,0,NA,NA,0,0,NA,NA,0,1,NA,NA,NA,NA,NA,NA,NA,NA,"yellow, aphid"
160,4,14,4,2,"L74",NA,NA,5,0,NA,NA,10,1,NA,NA,0,1,NA,NA,10,0,NA,NA,0,0,NA,NA,NA,NA,""
172,4,15,4,2,"3",NA,NA,7.5,NA,NA,NA,NA,NA,NA,NA,NA,NA,NA,NA,NA,NA,NA,NA,NA,NA,NA,NA,NA,NA,"ND"
184,4,16,4,2,"1",NA,NA,5,NA,NA,NA,NA,NA,NA,NA,NA,NA,NA,NA,NA,NA,NA,NA,NA,NA,NA,NA,NA,NA,"ND"
196,4,17,5,2,"3",NA,NA,0,NA,NA,NA,NA,NA,NA,NA,NA,NA,NA,NA,NA,NA,NA,NA,NA,NA,NA,NA,NA,NA,"app"
208,4,18,5,2,"L11",NA,NA,5,0,NA,NA,0,0,NA,NA,5,1,NA,NA,5,0,NA,NA,0,0,NA,NA,5,0,"ND"
220,4,19,5,2,"L104",NA,NA,5,0,NA,NA,0,0,NA,NA,0,0,NA,NA,5,0,NA,NA,NA,NA,NA,NA,NA,NA,""
232,4,20,5,2,"2",NA,NA,20,NA,NA,NA,NA,NA,NA,NA,NA,NA,NA,NA,NA,NA,NA,NA,NA,NA,NA,NA,NA,NA,"ND, aphid+"
231,3,20,5,1,"4",NA,NA,5,NA,NA,NA,NA,NA,NA,NA,NA,NA,NA,NA,NA,NA,NA,NA,NA,NA,NA,NA,NA,NA,"ND, aphid"
219,3,19,5,1,"L30",NA,NA,5,0,NA,NA,10,0,NA,NA,5,0,NA,NA,10,0,NA,NA,0,0,NA,NA,NA,NA,"wilting"
207,3,18,5,1,"2",NA,NA,5,0,NA,NA,NA,NA,NA,NA,NA,NA,NA,NA,NA,NA,NA,NA,NA,NA,NA,NA,NA,NA,""
195,3,17,5,1,"1",NA,NA,7.5,NA,NA,NA,NA,NA,NA,NA,NA,NA,NA,NA,NA,NA,NA,NA,NA,NA,NA,NA,NA,NA,"app"
183,3,16,4,1,"L3",NA,NA,10,0,NA,NA,5,0,NA,NA,0,0,NA,NA,0,0,NA,NA,NA,NA,NA,NA,NA,NA,"ND, white spots"
171,3,15,4,1,"3",NA,NA,5,0,NA,NA,5,0,NA,NA,NA,NA,NA,NA,NA,NA,NA,NA,NA,NA,NA,NA,NA,NA,""
159,3,14,4,1,"L27",NA,NA,2.5,0,NA,NA,NA,NA,NA,NA,NA,NA,NA,NA,NA,NA,NA,NA,NA,NA,NA,NA,NA,NA,"healthy, grassy"
147,3,13,4,1,"1",NA,NA,2.5,NA,NA,NA,NA,NA,NA,NA,NA,NA,NA,NA,NA,NA,NA,NA,NA,NA,NA,NA,NA,NA,"ND"
135,3,12,3,1,"L39",NA,NA,0,0,NA,NA,5,0,NA,NA,0,0,NA,NA,5,0,NA,NA,0,0,NA,NA,NA,NA,"app-"
123,3,11,3,1,"3",NA,NA,2.5,NA,NA,NA,NA,NA,NA,NA,NA,NA,NA,NA,NA,NA,NA,NA,NA,NA,NA,NA,NA,NA,"app"
111,3,10,3,1,"1",NA,NA,5,NA,NA,NA,NA,NA,NA,NA,NA,NA,NA,NA,NA,NA,NA,NA,NA,NA,NA,NA,NA,NA,"ND"
99,3,9,3,1,"1",NA,NA,5,NA,NA,NA,NA,NA,NA,NA,NA,NA,NA,NA,NA,NA,NA,NA,NA,NA,NA,NA,NA,NA,""
87,3,8,2,1,"L78",NA,NA,0,0,NA,NA,0,0,NA,NA,0,0,NA,NA,5,0,NA,NA,5,0,NA,NA,NA,NA,""
75,3,7,2,1,"3",NA,NA,5,NA,NA,NA,NA,NA,NA,NA,NA,NA,NA,NA,NA,NA,NA,NA,NA,NA,NA,NA,NA,NA,"ND"
63,3,6,2,1,"L73",NA,NA,5,0,NA,NA,0,0,NA,NA,0,0,NA,NA,0,0,NA,NA,NA,NA,NA,NA,NA,NA,"wilting"
51,3,5,2,1,"2",NA,NA,2.5,NA,NA,NA,NA,NA,NA,NA,NA,NA,NA,NA,NA,NA,NA,NA,NA,NA,NA,NA,NA,NA,"ND"
39,3,4,1,1,"L31",NA,NA,5,0,NA,NA,5,0,NA,NA,5,0,NA,NA,0,0,NA,NA,0,0,NA,NA,NA,NA,"grassy, healthy"
27,3,3,1,1,"4",NA,NA,5,0,NA,NA,NA,NA,NA,NA,NA,NA,NA,NA,NA,NA,NA,NA,NA,NA,NA,NA,NA,NA,""
15,3,2,1,1,"L64",NA,NA,0,0,NA,NA,0,0,NA,NA,0,0,NA,NA,5,0,NA,NA,0,0,NA,NA,5,0,"yellowing"
3,3,1,1,1,"2",NA,NA,2.5,NA,NA,NA,NA,NA,NA,NA,NA,NA,NA,NA,NA,NA,NA,NA,NA,NA,NA,NA,NA,NA,""
2,2,1,1,1,"L107",NA,NA,NA,NA,NA,NA,NA,NA,NA,NA,NA,NA,NA,NA,NA,NA,NA,NA,NA,NA,NA,NA,NA,NA,""
14,2,2,1,1,"1",NA,NA,NA,NA,NA,NA,NA,NA,NA,NA,NA,NA,NA,NA,NA,NA,NA,NA,NA,NA,NA,NA,NA,NA,""
26,2,3,1,1,"L61",NA,NA,NA,NA,NA,NA,NA,NA,NA,NA,NA,NA,NA,NA,NA,NA,NA,NA,NA,NA,NA,NA,NA,NA,""
38,2,4,1,1,"4",NA,NA,NA,NA,NA,NA,NA,NA,NA,NA,NA,NA,NA,NA,NA,NA,NA,NA,NA,NA,NA,NA,NA,NA,""
50,2,5,2,1,"L47",NA,NA,NA,NA,NA,NA,NA,NA,NA,NA,NA,NA,NA,NA,NA,NA,NA,NA,NA,NA,NA,NA,NA,NA,NA
62,2,6,2,1,"L97",NA,NA,NA,NA,NA,NA,NA,NA,NA,NA,NA,NA,NA,NA,NA,NA,NA,NA,NA,NA,NA,NA,NA,NA,NA
74,2,7,2,1,"2",NA,NA,NA,NA,NA,NA,NA,NA,NA,NA,NA,NA,NA,NA,NA,NA,NA,NA,NA,NA,NA,NA,NA,NA,NA
86,2,8,2,1,"1",NA,NA,NA,NA,NA,NA,NA,NA,NA,NA,NA,NA,NA,NA,NA,NA,NA,NA,NA,NA,NA,NA,NA,NA,NA
98,2,9,3,1,"L35",NA,NA,NA,NA,NA,NA,NA,NA,NA,NA,NA,NA,NA,NA,NA,NA,NA,NA,NA,NA,NA,NA,NA,NA,NA
110,2,10,3,1,"L59",NA,NA,NA,NA,NA,NA,NA,NA,NA,NA,NA,NA,NA,NA,NA,NA,NA,NA,NA,NA,NA,NA,NA,NA,NA
122,2,11,3,1,"2",NA,NA,NA,NA,NA,NA,NA,NA,NA,NA,NA,NA,NA,NA,NA,NA,NA,NA,NA,NA,NA,NA,NA,NA,NA
134,2,12,3,1,"3",NA,NA,NA,NA,NA,NA,NA,NA,NA,NA,NA,NA,NA,NA,NA,NA,NA,NA,NA,NA,NA,NA,NA,NA,NA
146,2,13,4,1,"3",NA,NA,NA,NA,NA,NA,NA,NA,NA,NA,NA,NA,NA,NA,NA,NA,NA,NA,NA,NA,NA,NA,NA,NA,NA
158,2,14,4,1,"4",NA,NA,NA,NA,NA,NA,NA,NA,NA,NA,NA,NA,NA,NA,NA,NA,NA,NA,NA,NA,NA,NA,NA,NA,NA
170,2,15,4,1,"1",NA,NA,NA,NA,NA,NA,NA,NA,NA,NA,NA,NA,NA,NA,NA,NA,NA,NA,NA,NA,NA,NA,NA,NA,NA
182,2,16,4,1,"L68",NA,NA,NA,NA,NA,NA,NA,NA,NA,NA,NA,NA,NA,NA,NA,NA,NA,NA,NA,NA,NA,NA,NA,NA,NA
194,2,17,5,1,"4",NA,NA,NA,NA,NA,NA,NA,NA,NA,NA,NA,NA,NA,NA,NA,NA,NA,NA,NA,NA,NA,NA,NA,NA,NA
206,2,18,5,1,"L81",NA,NA,NA,NA,NA,NA,NA,NA,NA,NA,NA,NA,NA,NA,NA,NA,NA,NA,NA,NA,NA,NA,NA,NA,NA
218,2,19,5,1,"L2",NA,NA,NA,NA,NA,NA,NA,NA,NA,NA,NA,NA,NA,NA,NA,NA,NA,NA,NA,NA,NA,NA,NA,NA,NA
230,2,20,5,1,"3",NA,NA,NA,NA,NA,NA,NA,NA,NA,NA,NA,NA,NA,NA,NA,NA,NA,NA,NA,NA,NA,NA,NA,NA,NA
229,1,20,5,1,"L26",NA,NA,NA,NA,NA,NA,NA,NA,NA,NA,NA,NA,NA,NA,NA,NA,NA,NA,NA,NA,NA,NA,NA,NA,NA
217,1,19,5,1,"1",NA,NA,NA,NA,NA,NA,NA,NA,NA,NA,NA,NA,NA,NA,NA,NA,NA,NA,NA,NA,NA,NA,NA,NA,NA
205,1,18,5,1,"3",NA,NA,NA,NA,NA,NA,NA,NA,NA,NA,NA,NA,NA,NA,NA,NA,NA,NA,NA,NA,NA,NA,NA,NA,NA
193,1,17,5,1,"L86",NA,NA,NA,NA,NA,NA,NA,NA,NA,NA,NA,NA,NA,NA,NA,NA,NA,NA,NA,NA,NA,NA,NA,NA,NA
181,1,16,4,1,"2",NA,NA,NA,NA,NA,NA,NA,NA,NA,NA,NA,NA,NA,NA,NA,NA,NA,NA,NA,NA,NA,NA,NA,NA,NA
169,1,15,4,1,"L22",NA,NA,NA,NA,NA,NA,NA,NA,NA,NA,NA,NA,NA,NA,NA,NA,NA,NA,NA,NA,NA,NA,NA,NA,NA
157,1,14,4,1,"4",NA,NA,NA,NA,NA,NA,NA,NA,NA,NA,NA,NA,NA,NA,NA,NA,NA,NA,NA,NA,NA,NA,NA,NA,NA
145,1,13,4,1,"L54",NA,NA,NA,NA,NA,NA,NA,NA,NA,NA,NA,NA,NA,NA,NA,NA,NA,NA,NA,NA,NA,NA,NA,NA,NA
133,1,12,3,1,"L60",NA,NA,NA,NA,NA,NA,NA,NA,NA,NA,NA,NA,NA,NA,NA,NA,NA,NA,NA,NA,NA,NA,NA,NA,NA
121,1,11,3,1,"L55",NA,NA,NA,NA,NA,NA,NA,NA,NA,NA,NA,NA,NA,NA,NA,NA,NA,NA,NA,NA,NA,NA,NA,NA,NA
109,1,10,3,1,"4",NA,NA,NA,NA,NA,NA,NA,NA,NA,NA,NA,NA,NA,NA,NA,NA,NA,NA,NA,NA,NA,NA,NA,NA,NA
97,1,9,3,1,"2",NA,NA,NA,NA,NA,NA,NA,NA,NA,NA,NA,NA,NA,NA,NA,NA,NA,NA,NA,NA,NA,NA,NA,NA,NA
85,1,8,2,1,"L56",NA,NA,NA,NA,NA,NA,NA,NA,NA,NA,NA,NA,NA,NA,NA,NA,NA,NA,NA,NA,NA,NA,NA,NA,NA
73,1,7,2,1,"L1",NA,NA,NA,NA,NA,NA,NA,NA,NA,NA,NA,NA,NA,NA,NA,NA,NA,NA,NA,NA,NA,NA,NA,NA,NA
61,1,6,2,1,"1",NA,NA,NA,NA,NA,NA,NA,NA,NA,NA,NA,NA,NA,NA,NA,NA,NA,NA,NA,NA,NA,NA,NA,NA,NA
49,1,5,2,1,"4",NA,NA,NA,NA,NA,NA,NA,NA,NA,NA,NA,NA,NA,NA,NA,NA,NA,NA,NA,NA,NA,NA,NA,NA,NA
37,1,4,1,1,"1",NA,NA,NA,NA,NA,NA,NA,NA,NA,NA,NA,NA,NA,NA,NA,NA,NA,NA,NA,NA,NA,NA,NA,NA,NA
25,1,3,1,1,"3",NA,NA,NA,NA,NA,NA,NA,NA,NA,NA,NA,NA,NA,NA,NA,NA,NA,NA,NA,NA,NA,NA,NA,NA,NA
13,1,2,1,1,"2",NA,NA,NA,NA,NA,NA,NA,NA,NA,NA,NA,NA,NA,NA,NA,NA,NA,NA,NA,NA,NA,NA,NA,NA,NA
1,1,1,1,1,"L20",NA,NA,NA,NA,NA,NA,NA,NA,NA,NA,NA,NA,NA,NA,NA,NA,NA,NA,NA,NA,NA,NA,NA,NA,NA
